weekday,start,end,subject,type,room,teacher,parity
mon,09:00,10:30,Математический анализ,lecture,А-101,Иванов И. И.,every
mon,10:40,12:10,Математический анализ,seminar,А-205,Иванов И. И.,every
mon,12:40,14:10,Физика,lecture,Б-301,Петрова А. С.,odd
tue,09:00,10:30,Программирование на Python,lab,К-12,Сидоров П. К.,every
tue,10:40,12:10,Английский язык,seminar,Л-7,Смирнова Е. В.,every
wed,10:40,12:10,Дискретная математика,lecture,А-101,Козлов Д. А.,every
wed,12:40,14:10,Физика,lab,Б-110,Петрова А. С.,even
thu,09:00,10:30,Базы данных,lecture,К-1,Николаев С. М.,every
thu,10:40,12:10,Базы данных,lab,К-12,Николаев С. М.,odd
fri,12:40,14:10,История,seminar,Г-204,Орлова Т. Н.,even
fri,14:20,15:50,Физкультура,seminar,Спорткомплекс,,every
